Date	IEDB reference	Allele	Peptide length	Measurement type	Peptide seq	Measurement value	NetMHCpan 2.8	NetMHCpan 3.0	NetMHCpan 4.0	SMM	ANN 3.4	ANN 4.0	ARB	SMMPMBEC	IEDB Consensus	NetMHCcons	PickPocket	mhcflurry 1.2.0	DeepSeqPa
2016-02-19	1029824	HLA-A*02:01	9	binary	AIVKDMARL	0.0	3217.11	1876.5	2328.1	1040.18	2073.0	2422.74	969.31	1067.65	7.5	2579.01	268.76	2517.4705	-
2016-02-19	1029824	HLA-A*02:01	9	binary	ALLAFTLGV	1.0	5.61	4.0	4.0	10.0	6.0	4.47	0.53	9.71	0.2	6.12	8.71	6.6988	-
2016-02-19	1029824	HLA-A*02:01	9	binary	ALNDALWAV	1.0	2.15	2.2	2.2	5.14	3.0	3.1	1.17	4.78	0.2	2.83	3.87	6.332	-
2016-02-19	1029824	HLA-A*02:01	9	binary	ALNQFTKVL	1.0	871.54	1190.3	1031.5	796.36	1531.0	1555.87	717.85	789.64	6.5	1158.05	184.04	1312.03	-
2016-02-19	1029824	HLA-A*02:01	9	binary	ALQEETHVL	0.0	59.5	62.5	39.1	131.86	46.0	75.0	145.58	131.65	2.0	52.46	45.58	175.155	-
2016-02-19	1029824	HLA-A*02:01	9	binary	ALRERRMKV	1.0	3737.49	4145.0	6977.0	709.76	2502.0	2476.92	967.71	800.63	6.1	3049.9	340.99	1104.9327	-
2016-02-19	1029824	HLA-A*02:01	9	binary	AMREALRYL	0.0	211.63	184.8	299.5	249.52	322.0	484.05	241.79	242.9	3.2	261.59	145.05	344.142	-
2016-02-19	1029824	HLA-A*02:01	9	binary	AVAKQIVTI	1.0	1095.8	895.5	675.6	933.49	1115.0	1279.08	1126.63	971.47	7.1	1109.0	309.35	870.1295	-
2016-02-19	1029824	HLA-A*02:01	9	binary	CLALIAWRV	1.0	33.83	133.7	99.3	30.14	28.0	71.41	14.36	33.45	0.6	31.04	14.48	31.4262	-
2016-02-19	1029824	HLA-A*02:01	9	binary	CLLDSFKEL	0.0	59.73	60.4	91.6	120.81	76.0	93.76	30.49	126.31	1.9	67.28	57.82	230.6318	-
2016-02-19	1029824	HLA-A*02:01	9	binary	DMLAGIATL	0.0	279.17	684.4	896.1	236.11	537.0	447.53	27.09	246.28	3.1	388.27	63.74	642.3941	-
2016-02-19	1029824	HLA-A*02:01	9	binary	ELLGNLEEV	1.0	73.37	54.9	50.2	189.28	171.0	122.25	16.76	183.84	0.6	111.88	28.31	216.8971	-
2016-02-19	1029824	HLA-A*02:01	9	binary	EMASMITKV	0.0	314.61	360.3	324.3	291.15	193.0	206.07	53.26	286.7	0.8	246.48	50.24	458.9995	-
2016-02-19	1029824	HLA-A*02:01	9	binary	FLAYDKFLL	0.0	5.51	5.3	4.7	12.0	7.0	6.1	1.13	13.44	0.3	6.4	19.81	8.1164	-
2016-02-19	1029824	HLA-A*02:01	9	binary	FMEVFGMLV	1.0	53.16	27.9	37.6	50.36	31.0	48.71	16.0	46.5	0.9	40.9	29.89	15.6467	-
2016-02-19	1029824	HLA-A*02:01	9	binary	GLDYSEELL	1.0	672.74	412.9	251.8	463.56	595.0	321.26	96.11	501.68	4.6	635.24	149.84	613.9488	-
2016-02-19	1029824	HLA-A*02:01	9	binary	GLEQQIQEI	1.0	1242.87	1375.2	1334.4	1291.55	2056.0	1749.63	331.06	1240.02	3.9	1602.13	190.11	1015.149	-
2016-02-19	1029824	HLA-A*02:01	9	binary	GLQEVTRAI	1.0	274.14	349.6	317.1	317.77	207.0	313.93	134.73	310.76	3.7	238.6	140.42	281.5767	-
2016-02-19	1029824	HLA-A*02:01	9	binary	GTDDTVAAV	1.0	241.63	413.0	392.4	266.14	142.0	203.07	100.06	260.87	3.4	185.03	170.61	1140.0637	-
2016-02-19	1029824	HLA-A*02:01	9	binary	GVFDAAISI	1.0	212.97	99.2	102.9	290.48	168.0	84.13	235.15	260.87	1.7	189.08	165.16	152.437	-
2016-02-19	1029824	HLA-A*02:01	9	binary	HIFDRVAGV	1.0	9.51	17.7	18.0	86.12	17.0	31.07	25.24	77.7	1.5	13.06	26.53	49.2926	-
2016-02-19	1029824	HLA-A*02:01	9	binary	HLMGQLNEL	0.0	13.05	13.2	10.9	42.67	13.0	13.36	8.98	43.29	0.7	13.13	24.07	67.5891	-
2016-02-19	1029824	HLA-A*02:01	9	binary	HLVAPLASL	0.0	69.89	73.0	95.9	260.08	114.0	123.6	13.62	259.67	3.3	89.62	44.6	363.9199	-
2016-02-19	1029824	HLA-A*02:01	9	binary	ILERRLQTI	1.0	2275.17	1888.4	2291.3	1849.74	2987.0	1955.77	605.49	1808.96	12.0	2607.06	196.38	1539.5491	-
2016-02-19	1029824	HLA-A*02:01	9	binary	IVVDAIMSV	1.0	21.42	15.1	18.3	69.04	20.0	15.02	39.91	60.45	1.3	21.03	44.12	34.9126	-
2016-02-19	1029824	HLA-A*02:01	9	binary	KIMEAITVV	1.0	4.3	5.4	5.3	18.08	5.0	5.63	11.82	17.08	0.4	4.78	14.95	11.4554	-
2016-02-19	1029824	HLA-A*02:01	9	binary	KIYQIGRSV	1.0	1080.29	1184.9	1477.9	644.33	616.0	1076.11	423.85	675.2	5.6	819.15	95.12	622.4227	-
2016-02-19	1029824	HLA-A*02:01	9	binary	KLEDEVFAL	1.0	16.14	12.7	13.7	53.59	11.0	13.62	11.62	46.07	1.0	13.64	28.62	25.8443	-
2016-02-19	1029824	HLA-A*02:01	9	binary	KLHPVYDKV	0.0	48.86	91.6	59.9	154.92	52.0	92.89	51.27	168.82	2.3	50.51	46.57	123.0435	-
2016-02-19	1029824	HLA-A*02:01	9	binary	KLTVSSAAV	0.0	71.49	118.6	113.2	114.58	76.0	76.32	20.61	124.29	1.8	73.76	40.46	193.0252	-
2016-02-19	1029824	HLA-A*02:01	9	binary	KLVRELFRV	1.0	6.0	7.2	5.4	26.55	9.0	9.03	1.68	28.6	0.5	7.73	6.22	11.3764	-
2016-02-19	1029824	HLA-A*02:01	9	binary	LIQQRHIAV	1.0	1525.38	2293.4	2373.1	1028.28	1869.0	2364.72	1171.27	1130.92	7.5	1682.07	140.42	1376.54	-
2016-02-19	1029824	HLA-A*02:01	9	binary	LLFDELTAL	1.0	4.8	5.2	6.0	18.45	5.0	4.64	4.46	17.36	0.4	5.18	12.99	9.041	-
2016-02-19	1029824	HLA-A*02:01	9	binary	LLGPAYQSI	1.0	89.01	103.8	140.1	494.44	274.0	383.17	184.71	492.53	4.7	156.47	124.66	260.2653	-
2016-02-19	1029824	HLA-A*02:01	9	binary	LLHDRQHSI	1.0	116.7	229.6	193.1	154.21	48.0	120.7	25.5	160.48	2.3	75.38	105.99	166.3406	-
2016-02-19	1029824	HLA-A*02:01	9	binary	LLKDSFAFL	0.0	19.99	33.5	35.6	115.11	45.0	59.18	9.01	109.25	1.8	30.21	96.15	294.3276	-
2016-02-19	1029824	HLA-A*02:01	9	binary	LLPAPLVSV	1.0	14.2	12.1	13.3	59.17	23.0	27.5	1.67	61.3	1.1	18.17	15.96	38.9663	-
2016-02-19	1029824	HLA-A*02:01	9	binary	LLRQETARL	0.0	1264.6	2373.0	1973.9	1383.92	2252.0	3685.41	627.83	1487.41	8.7	1691.19	348.45	2404.2149	-
2016-02-19	1029824	HLA-A*02:01	9	binary	LLSAQIARL	1.0	32.25	53.5	53.3	95.08	41.0	58.03	7.09	103.14	1.6	36.51	51.34	98.4353	-
2016-02-19	1029824	HLA-A*02:01	9	binary	MLLWTAVAV	1.0	6.73	8.2	7.0	11.46	11.0	10.87	7.69	10.48	0.3	8.75	6.29	14.7472	-
2016-02-19	1029824	HLA-A*02:01	9	binary	MLQTNSLAL	1.0	123.21	76.4	93.3	115.64	54.0	51.78	76.88	121.46	1.8	82.19	48.11	236.3795	-
2016-02-19	1029824	HLA-A*02:01	9	binary	MLVQSCTSI	1.0	80.16	85.2	84.1	125.92	67.0	59.62	35.49	130.75	2.0	73.37	50.78	144.919	-
2016-02-19	1029824	HLA-A*02:01	9	binary	MVLNAMAWL	1.0	85.37	66.9	99.1	153.85	40.0	48.82	94.46	145.36	2.3	58.45	90.11	176.253	-
2016-02-19	1029824	HLA-A*02:01	9	binary	NLIDFNFKL	1.0	5.07	4.4	4.4	20.52	4.0	5.51	4.93	20.11	0.4	5.01	25.14	8.5455	-
2016-02-19	1029824	HLA-A*02:01	9	binary	NMMAVVGLL	1.0	33.42	49.1	50.8	59.44	37.0	40.97	7.27	58.67	1.1	35.34	34.03	55.0977	-
2016-02-19	1029824	HLA-A*02:01	9	binary	PLSAVISPV	1.0	120.55	153.2	173.4	147.95	126.0	225.79	7.03	155.04	0.2	123.32	59.73	365.8694	-
2016-02-19	1029824	HLA-A*02:01	9	binary	PLSPATRRL	0.0	15490.21	15364.4	16571.4	5586.12	14557.0	20434.34	6238.3	6301.3	17.0	15044.73	792.98	11415.2039	-
2016-02-19	1029824	HLA-A*02:01	9	binary	QLNKKIYQI	0.0	195.83	333.8	213.6	237.74	249.0	306.8	127.36	245.71	3.1	221.2	52.46	348.3678	-
2016-02-19	1029824	HLA-A*02:01	9	binary	QVGAFLEGL	1.0	4027.37	2682.9	3162.5	2188.32	4178.0	3305.64	715.85	2174.85	13.0	4106.84	652.65	3279.6895	-
2016-02-19	1029824	HLA-A*02:01	9	binary	RLAGFLAGL	0.0	8.62	8.5	8.5	30.84	16.0	11.42	4.36	30.79	0.6	11.98	20.03	22.1939	-
2016-02-19	1029824	HLA-A*02:01	9	binary	RLAVSLHEL	1.0	36.66	38.2	40.0	53.47	28.0	25.42	35.13	59.21	1.0	32.24	26.53	37.8472	-
2016-02-19	1029824	HLA-A*02:01	9	binary	RLLEGSAIM	1.0	55.95	62.4	59.7	155.64	89.0	84.76	184.56	153.97	2.3	71.02	68.75	70.3607	-
2016-02-19	1029824	HLA-A*02:01	9	binary	RLLVDLAQL	1.0	36.43	42.3	46.5	80.74	103.0	75.01	28.38	85.2	1.4	61.37	21.6	137.3856	-
2016-02-19	1029824	HLA-A*02:01	9	binary	RLMQCVQQL	1.0	13.91	15.8	17.4	45.83	18.0	26.09	23.76	44.92	0.4	16.04	21.14	23.2761	-
2016-02-19	1029824	HLA-A*02:01	9	binary	RLRDDLERL	0.0	448.5	524.5	382.5	390.94	715.0	1106.13	247.77	388.53	4.1	563.96	207.3	834.1809	-
2016-02-19	1029824	HLA-A*02:01	9	binary	RMADEVQRL	1.0	26.89	41.6	27.5	117.25	47.0	61.29	236.96	116.53	1.8	35.73	46.07	97.1933	-
2016-02-19	1029824	HLA-A*02:01	9	binary	RVAASVAAV	1.0	53.82	43.5	56.5	208.5	67.0	147.42	108.39	206.27	2.8	60.06	88.18	175.6619	-
2016-02-19	1029824	HLA-A*02:01	9	binary	SLCRSLVVV	1.0	116.86	107.6	98.7	112.23	97.0	112.2	13.75	112.05	1.8	106.56	20.69	132.7957	-
2016-02-19	1029824	HLA-A*02:01	9	binary	SLQFSAFLL	1.0	38.29	48.5	43.9	71.96	29.0	90.53	10.02	75.58	1.3	33.48	37.92	150.6653	-
2016-02-19	1029824	HLA-A*02:01	9	binary	SLVVVSASL	1.0	184.43	147.2	206.7	152.09	151.0	149.27	25.48	166.89	2.3	166.96	63.05	232.9351	-
2016-02-19	1029824	HLA-A*02:01	9	binary	TIPSFIVRV	1.0	149.83	92.2	76.8	281.91	96.0	142.46	62.49	273.8	3.5	120.68	79.14	411.303	-
2016-02-19	1029824	HLA-A*02:01	9	binary	TLGVKQMVV	1.0	1825.5	1205.6	845.2	436.63	966.0	769.3	610.33	462.84	4.4	1325.76	124.66	544.4887	-
2016-02-19	1029824	HLA-A*02:01	9	binary	TLKNLIRSV	1.0	1431.85	1918.1	1652.4	635.49	922.0	1132.8	80.16	662.87	2.1	1151.8	202.86	990.5374	-
2016-02-19	1029824	HLA-A*02:01	9	binary	TLLDALGML	0.0	35.45	28.8	40.3	113.01	30.0	38.32	24.75	107.75	1.8	32.94	39.17	78.5346	-
2016-02-19	1029824	HLA-A*02:01	9	binary	TMLELLTQL	1.0	6.86	7.5	8.1	36.82	11.0	8.78	14.32	36.68	0.7	8.75	15.78	14.3402	-
2016-02-19	1029824	HLA-A*02:01	9	binary	VIAEEPLYV	1.0	21.33	19.9	15.8	59.17	17.0	17.3	23.96	54.13	1.1	19.39	66.56	29.0915	-
2016-02-19	1029824	HLA-A*02:01	9	binary	VIAGTSNAV	1.0	341.33	587.1	500.2	371.63	296.0	508.47	224.2	378.82	4.1	317.83	87.23	1022.591	-
2016-02-19	1029824	HLA-A*02:01	9	binary	VIANNVDPV	1.0	50.81	57.7	77.4	160.37	77.0	86.4	186.09	153.97	1.5	63.05	45.09	216.3693	-
2016-02-19	1029824	HLA-A*02:01	9	binary	VLCALLFCV	1.0	10.37	29.7	32.0	9.36	10.0	12.87	0.09	8.1	0.3	10.35	5.24	12.0795	-
2016-02-19	1029824	HLA-A*02:01	9	binary	VLEENRTTL	0.0	2491.81	2309.6	1587.4	1285.61	3155.0	2621.49	1630.44	1263.08	8.4	2812.19	414.31	3585.814	-
2016-02-19	1029824	HLA-A*02:01	9	binary	VLGSHVQTL	0.0	161.7	159.1	103.8	231.8	100.0	191.57	72.75	236.83	3.0	127.39	75.79	320.1756	-
2016-02-19	1029824	HLA-A*02:01	9	binary	VVAGMLRWV	1.0	438.91	440.2	519.7	330.45	659.0	522.78	121.2	316.54	3.8	537.16	151.47	607.0504	-
2016-02-19	1029824	HLA-A*02:01	9	binary	VVSVLTHSV	1.0	366.24	308.4	370.0	296.56	185.0	397.33	187.54	316.54	3.6	261.59	163.39	325.1314	-
2016-02-19	1029824	HLA-A*02:01	9	binary	WIPPVVSVL	1.0	988.15	887.6	1263.2	792.7	1800.0	1589.58	1427.6	754.1	6.5	1332.95	202.86	2903.3072	-
2016-02-19	1029824	HLA-A*02:01	9	binary	YLLDVSTLL	0.0	2.18	2.4	2.8	4.04	3.0	2.98	0.49	4.02	0.2	2.69	8.16	4.9443	-
2016-02-19	1029824	HLA-A*02:01	9	binary	YLRTFPAAL	1.0	85.6	71.9	85.5	82.62	49.0	70.06	18.64	84.61	1.4	65.13	186.04	34.0265	-
2016-02-19	1029824	HLA-A*02:01	9	binary	YMAQKAEEV	1.0	10.64	8.7	7.7	24.44	10.0	12.06	13.79	26.94	0.5	10.35	14.63	39.0165	-

